Student_ID,Gender,Math_Score,English_Score,Science_Score,Attendance
S1001,Female,79.96714153011233,86.79226523903202,72.59857380020495,75.46096221061305
S1002,Male,73.61735698828815,81.09560419495322,76.84385063427585,80.6980749461025
S1003,Female,81.47688538100692,70.71556443904208,71.66064063200031,82.93197233289177
S1004,Female,90.23029856408026,62.23675866753311,75.53630776288767,94.43843828670096
S1005,Female,72.65846625276664,78.37867976336308,62.85108266436971,87.78276562266879
S1006,Male,,74.72182462506099,79.70634965898351,78.32259215450054
S1007,Female,90.79212815507391,80.74231864033278,78.0096438028978,87.43018144708819
S1008,Female,82.67434729152909,77.62206162018363,71.46329095145447,77.26348005530818
S1009,Male,70.30525614065049,82.59463258383202,83.27396534745924,90.41345526943536
S1010,Male,80.42560043585965,63.57717746127318,85.50056110101247,82.6443767409106
S1011,Female,70.36582307187538,85.80872878761191,65.1395210850482,84.53181905630414
S1012,Male,70.34270246429743,72.3711952563088,71.89820177147028,91.62898323771095
S1013,Female,77.41962271566034,94.90313047150319,71.84686120170161,78.56418215707875
S1014,Male,55.86719755342202,61.72974618292518,70.48077519112908,78.01440907443504
S1015,Male,57.75082167486967,90.83156563798299,84.63579873545399,82.08200336826998
S1016,Female,69.37712470759027,,76.44939088981758,90.19189425509659
S1017,Female,64.87168879665576,62.18298395662662,75.88388126951511,77.4032696226158
S1018,Female,78.14247332595274,64.19336999134813,61.96910108474597,70.83922200944716
S1019,Male,65.91975924478788,66.15583230166816,83.08334424167381,82.744205707955
S1020,Female,60.87696298664709,75.08999135682299,68.08593284117222,87.7587039995546
S1021,Female,89.65648768921554,76.274025856426,78.47946104213062,91.00130874869414
S1022,Female,72.74223699513465,63.11559995273705,80.21901550366553,82.68419318957301
S1023,Female,75.67528204687923,69.7077448928682,88.8852687667092,82.94286696441999
S1024,Female,60.75251813786544,95.70724430334236,67.5294368070471,90.76950367127874
S1025,Male,69.55617275474818,90.73051804120854,53.8439027534334,75.65129150152289
S1026,Female,76.10922589709867,75.23588403608838,,83.05739612408496
S1027,Female,63.490064225776976,70.4560417380184,92.40408945208682,85.95211944962529
S1028,Male,78.75698018345672,71.44037592061913,87.9115708235155,87.24609360642518
S1029,Female,68.99361310081196,77.362215672765,79.677275322197,82.45096653404559
S1030,Female,72.08306250206724,57.72648921761913,74.06691051494361,85.1722050585292
S1031,Female,68.98293387770603,66.91148155091986,84.45698077309848,72.55836323293505
S1032,Female,93.52278184508938,49.97699111346893,70.21163040236425,81.70875793833076
S1033,Female,74.86502775262066,74.79067747126335,81.81086215484976,87.26754356277233
S1034,Male,64.422890710441,77.76635127643289,82.04376127333302,80.0885298287266
S1035,Male,83.22544912103189,64.20176245240751,86.48167925999104,85.29492110794799
S1036,Male,62.791563500289776,88.88784115948039,100.07728031128862,
S1037,Female,77.08863595004756,55.290812043971904,81.13932773743014,83.28725399571117
S1038,Male,55.403298761202244,52.42750143748216,73.92829099434002,85.85231885498285
S1039,Female,61.71813951101569,72.69342182271967,77.79540550246405,80.18633717357694
S1040,Female,76.96861235869123,82.56517963134586,63.847392760887054,83.96694360151977
S1041,Female,82.3846657999541,90.20713229749443,72.44229495128754,88.05108084794611
S1042,Male,76.7136828118997,64.49338884557272,74.72574049509517,85.78486480484217
S1043,Male,73.8435171761176,82.94417000117555,73.80729281652326,82.06734365218033
S1044,Male,71.98896304410711,69.53789836599151,79.21883897626978,86.12108202145396
S1045,Female,60.214780096325725,67.92847240071016,71.4206405409424,88.57304895318309
S1046,Male,67.80155791605291,80.60391924984006,86.96824533859578,74.75029360711261
S1047,Female,70.39361229040213,77.82787454096103,78.00165651934557,90.79537032477948
S1048,Male,85.57122226218915,51.08329411618901,77.92559743089109,83.31872630659464
S1049,Male,78.43618289568461,87.71848419671075,75.37684226789666,87.12744966620116
S1050,Female,57.36959844637266,86.56109624976942,79.24152547087184,90.98623461822613
S1051,Female,78.24083969394795,62.49324758188565,84.60078611734107,78.14163151384767
S1052,Male,71.14917719583684,74.7496424012489,71.06295827431279,81.45279498786226
S1053,Male,68.23077999694041,75.92836223539287,72.73506808739795,83.55725652062148
S1054,Male,81.11676288840867,73.12808518988689,75.57019176978669,81.08123239437786
S1055,Female,85.30999522495951,63.396338153854956,67.23303261221429,93.67468287918405
S1056,Female,84.31280119116198,61.940519584743384,71.44593712222802,80.71613953086603
S1057,Male,66.60782476777362,69.69335114810265,74.19023301164273,82.22226610256567
S1058,Male,71.90787624148786,84.07274823111237,84.99511344570182,86.02194515801489
S1059,Female,78.31263431403563,76.52320185513318,80.1004906320154,78.98925236961955
S1060,Male,84.75545127122359,65.55262801496673,79.54871929094035,83.02159644121868
S1061,Female,70.2082576215471,79.26038452778013,84.80718369734377,86.58726630625088
S1062,Female,73.14341023336183,35.817488552439094,76.90102569280482,83.33569797808744
S1063,Female,63.93665025993972,83.78518840446525,81.12371879943112,84.53306570550026
S1064,Female,63.037933759193294,49.1234346546628,77.17422597654003,82.35333943775815
S1065,Female,83.12525822394198,65.65070870316241,80.12289879519703,77.42764845409616
S1066,Female,88.56240028570824,56.563961264486274,73.33793073910735,86.6079660566962
S1067,Male,74.27989878419666,54.46382229134913,58.48946273378857,93.7746653582362
S1068,Female,85.03532897892023,83.92992144854223,76.92576670250956,85.09200815391719
S1069,Female,78.61636025047635,64.38758558425731,89.38198508879952,86.12632058623775
S1070,Male,68.54880245394875,74.15804658076858,85.40972321793274,88.46361377558429
S1071,Female,78.61395605508415,69.4369530534498,85.72317987672936,78.65334751726651
S1072,Male,90.38036566465969,75.72448992667746,87.88904577444974,93.51257329064802
S1073,Female,74.64173960890048,70.92186269272307,78.7092607276915,86.01164398211401
S1074,Male,90.64643655814007,54.604093309737166,79.57852565924476,93.15928449544555
S1075,Male,48.80254895910255,81.95520183336568,73.0587848365252,81.33483502238005
S1076,Female,83.21902504375224,64.07492100206424,75.4714171517836,94.09030961278913
S1077,Female,75.87047068238171,51.321017216082986,82.92616919816913,88.87577747017392
S1078,Female,72.00992649534132,64.86261806840905,87.63107549735054,87.7652004292618
S1079,Female,75.91760776535503,88.00911748761173,76.884429794552,86.17012227176573
S1080,Male,55.124310853991076,80.20266090536191,74.3984858811887,83.75735690962776
S1081,Male,72.80328112162488,65.81617438710569,78.00422367085278,91.00265829236936
S1082,Male,78.57112571511746,65.80890754817885,82.80965399143292,85.70179934924023
S1083,Female,89.77894044741517,66.14037938539141,66.44916147093167,75.16465148206424
S1084,Male,69.81729781726352,94.92097580273008,59.630552374902095,79.414067691465
S1085,Female,66.91506397106812,74.58322542677864,73.59570520406733,84.07077123903626
S1086,Female,69.98242956415463,75.16049976629283,68.23430059268674,86.54999491582778
S1087,Male,84.15402117702074,82.3634014483821,73.93487841882151,84.71705755550052
S1088,Female,78.28751109659684,72.86546990831816,76.81775744946023,91.09485394896832
S1089,Male,69.70239796232961,66.89149425015157,74.3740127278159,75.24449067980687
S1090,Female,80.13267433113356,67.64380181098026,89.61974027576596,85.7179396825258
S1091,Male,75.9707754934804,69.14078488703123,80.61395811681857,75.91010387306423
S1092,Female,84.68644990532889,69.5533331618819,80.40379487688662,88.79856147742085
S1093,Male,67.97946906122648,78.73155452364375,82.97765715234722,84.52770642778998
S1094,Male,71.72337853402232,70.6233506296876,68.88933505775384,87.0980498601206
S1095,Female,71.07891846867842,78.79168092658695,86.31289429936214,80.68058519705117
S1096,Female,60.364850518678814,69.03140103869701,77.39388570771632,91.39732465828875
S1097,Male,77.96120277064576,70.94362228379309,83.3638449379297,90.20862332029425
S1098,Female,77.6105527217989,46.02159178561471,69.42514213567875,87.91772151505944
S1099,Female,75.05113456642461,80.99593209642978,65.56992987187148,84.3524137656828
S1100,Female,72.65412866624852,74.15786171077592,84.54311726420023,87.89928642647565
S1101,Male,60.84629257949586,81.97612131831582,81.01127620878013,81.46553716006325
S1102,Male,70.79354677234642,35.24493546167573,70.78358756513991,89.27777829510356
S1103,Female,71.57285483473231,95.06049645736873,71.04269534980244,93.2474044716196
S1104,Female,66.9772273077838,68.32492446213791,87.00347827531816,90.35305279989593
S1105,Male,73.3871428833399,83.2981938008502,68.48470485706137,81.35198765096295
S1106,Female,79.04050856814538,57.52112887449363,91.14138362604771,86.80708658636551
S1107,Male,93.8618590121053,77.35328686075084,70.79503412281704,78.53429228120676
S1108,Female,76.74577812831839,57.35901324191613,83.10713540486707,87.86195155587838
S1109,Female,77.57550390722764,62.51477247165034,75.37105219400813,87.2530170643127
S1110,Female,74.25554084233833,92.96837624640143,82.82549944865875,75.65091830233918
S1111,Male,55.812287847009586,67.71181119083984,73.64708798308646,79.19108078043818
S1112,Male,74.73486124550783,72.60919447815668,76.69765675142165,83.58430551628116
S1113,Male,75.60230209941027,80.44081276826505,78.32735340316577,83.49570126429587
S1114,Male,99.63242112485287,75.94818265567126,69.98250035374822,78.95261532290597
S1115,Female,73.07639035218878,71.80502686172292,83.92659476336101,86.94489364676092
S1116,Female,78.01547342333612,74.3795320295947,73.89429146822732,86.25736804470256
S1117,Male,74.65288230294756,98.84098702285931,76.17120067727986,84.02865434010741
S1118,Female,63.31321962380468,69.30857443559698,70.0452050031319,81.22104249920818
S1119,Female,86.4282281451502,72.41318856057961,57.501330729637516,90.24353563208282
S1120,Male,82.51933032686775,82.60785275209135,76.47177789919864,93.27703556544148
S1121,Female,82.91031947043047,83.2663111954958,97.30092337290333,82.58219258076731
S1122,Female,65.9061254520526,84.24436366672457,84.27683430318419,81.9391654142259
S1123,Male,89.02794310936099,77.66476266435022,77.84591696212485,87.45603832705999
S1124,Female,60.98148937207719,56.283941047234194,75.89687336633386,83.20985310126507
S1125,Female,80.8685709380027,89.60117838761315,78.17972714249638,84.30301399668383
S1126,Female,96.90455625809979,56.243855283775744,82.37695292140168,88.69826575862336
S1127,Male,65.09463674869312,73.6316255828684,68.55349747752925,75.45321956246353
S1128,Male,69.33702270397228,60.948689799767706,86.91457355735098,91.59151162426335
S1129,Female,75.99651365087641,69.23033984088408,83.72305052352995,85.36340262164671
S1130,Female,69.965243458838,73.94514892364177,83.74548580566348,82.9425342771891
S1131,Female,59.493365689338674,73.85628658540328,81.50780591047781,84.55382922889275
S1132,Male,75.68562974806028,75.06304905082342,78.15693326155191,84.81214677510259
S1133,Male,64.37696286273895,89.36453522870377,83.38288988773456,76.34399348277537
S1134,Male,79.73592430635182,75.44241161816775,82.73451306993103,92.47469113726618
S1135,Female,65.80575765766197,67.07012037651222,75.1676743124718,85.2066281613531
S1136,Female,90.4993440501754,81.56904601946029,73.4111858168248,87.21501065223687
S1137,Female,67.16746707663764,84.2736458670957,78.8148503620959,89.75774885287021
S1138,Female,71.77938483794324,55.26870621835609,90.3921612119615,79.8941877121985
S1139,Female,83.1351721736967,77.1688008381983,68.08714339476879,87.36735949517615
S1140,Male,62.69135683566045,78.41407290773078,66.25979787398047,83.66179454550603
S1141,Female,77.2745993460413,66.4292379596801,79.31808672989213,89.23385387608246
S1142,Female,88.07142754282428,86.50848175973942,78.40710161484814,74.36386289824253
S1143,Female,58.92516765438772,68.19933295560968,79.38673331496327,84.50452849879366
S1144,Male,76.84633858532304,71.5069174416585,79.951625583268,81.9858967210802
S1145,Female,77.59882794248423,67.92313810859356,76.21438196292156,87.16131475317077
S1146,Male,82.81822871777311,70.1869485709776,89.91890750881666,87.35022093684101
S1147,Male,62.63049289121918,56.84469895725758,65.19276817218787,81.46187052588986
S1148,Male,61.795433869157236,52.719389408868466,71.37202380175803,81.43913067911978
S1149,Male,80.21941565616898,89.13406075869966,77.17396191880762,84.44667315721335
S1150,Male,77.96984673233186,59.836463820180064,64.85448951076665,80.51678886342395
S1151,Female,77.50492850345877,58.10329180652431,76.59316476454343,89.20991847726063
S1152,Female,78.46448209496975,44.15931863675542,91.29176132582414,83.15396399776277
S1153,Male,68.1997527842151,62.332459027725974,78.16709190636769,70.46505890339179
S1154,Male,77.32253697161003,54.12292247911002,79.84560724574946,83.12588971689097
S1155,Male,77.93072473298682,89.70418192163643,67.91868187861935,79.80728089578014
S1156,Female,67.85648581973632,82.11780507211161,73.06910873568418,76.84362092269527
S1157,Female,93.65774511144757,61.742195857867316,74.9984289574085,78.81286680888714
S1158,Male,79.73832920911788,97.0292296641317,75.45827922595012,85.54704235916485
S1159,Female,63.08696502797351,81.78118584389912,88.25315036003015,91.64320414124116
S1160,Female,81.5655360863383,66.10202339789653,82.461528485801,86.5659223693249
S1161,Male,65.25318329772679,40.00713142151712,69.10833634450374,81.9674830589213
S1162,Male,82.87084603742451,97.4913108710889,79.97203822745604,87.27952097585352
S1163,Female,86.58595579007404,53.32513039883685,81.98577398797428,82.70454844890504
S1164,Female,66.7931768164829,50.2552150365173,87.12119230817014,81.52699815418427
S1165,Female,84.63376129244321,82.27084518411569,90.64432549254698,79.22818665883509
S1166,Male,79.12780926936499,99.27702887607127,69.87924646537705,76.24085596624141
S1167,Male,83.2206015999449,86.61127382212622,71.51313991031729,83.05038146720277
S1168,Male,93.96792982653947,76.76690944062831,67.93937712868308,85.79026744960066
S1169,Female,72.5461188399713,77.13705209998344,76.12784112714415,84.51688164992555
S1170,Female,67.4626383564251,80.2409867053637,81.73086699557068,82.92016536026321
S1171,Male,66.10485570374476,79.10714307744118,85.89867613271281,80.2712696965161
S1172,Female,66.84189715034562,73.37429708763251,77.39239181085982,88.04123095842485
S1173,Male,74.22898290585896,71.25041324742251,75.44121981396125,78.41434040026708
S1174,Female,78.41151974816644,69.24888246520572,79.21406393798992,88.88013956921738
S1175,Male,77.7669079933002,60.952424933599886,71.31885678695981,79.98891490536637
S1176,Female,83.27183249036024,66.63189907759872,94.71630977355818,81.23782381323483
S1177,Female,75.13001891877907,49.684518229655374,65.13871178305553,77.66607404692161
S1178,Male,89.53534077157317,68.81992447846301,79.47792463116579,82.49298926557182
S1179,Male,72.35343166762044,58.13690671418899,94.18884975383712,89.87656229238989
S1180,Male,102.20169166589619,56.75692819341075,78.05439875647998,87.57814044221978
S1181,Male,81.25667347765007,72.15872981384175,76.47968771998805,89.89211056014018
S1182,Male,66.42842443583717,86.70402743613519,75.14043661751658,87.61071272966969
S1183,Female,64.29107501938887,81.01979927202775,76.55686654590073,79.48165085734816
S1184,Male,79.82472415243186,51.15399275652187,88.98278779741224,83.34605387836221
S1185,Male,72.7653721467415,58.12446236115595,60.305104709363945,81.09900435441268
S1186,Male,82.14000494092092,81.2892542558586,90.2674696103706,91.6528745201952
S1187,Male,79.73237624573545,58.210151277540284,66.60834278039884,79.01605676786845
S1188,Male,74.27171087343127,67.30440220003571,75.86678136612468,89.46848844694556
S1189,Female,66.53206281931595,76.60062518829463,74.5660446376107,89.46476935054385
S1190,Male,59.851527753141355,58.379866541636375,82.70842615816576,94.14810100858044
S1191,Male,70.53485047932979,71.26450607375152,65.21500518493002,82.95156703685251
S1192,Male,83.56398794323472,53.991694060981544,81.69738132865554,88.56161079790081
S1193,Female,77.14093744130204,62.78358827258543,94.19447698629482,96.40825918269421
S1194,Female,62.542612212880115,73.83738320971044,67.09460796325752,81.91179161533152
S1195,Male,76.73180925851182,50.884075197619964,79.51764934088317,77.3247987623382
S1196,Male,78.85317379728836,75.28569685552479,72.70414257762712,75.59994983046118
S1197,Female,66.16142563798867,69.76434641287983,81.40709764954428,88.56356014430666
S1198,Female,76.53725105945527,76.62987945300577,78.15318221932601,75.58424895970708
S1199,Female,75.58208718446,72.68696960877594,72.86810472764552,83.13840473531039
S1200,Male,63.57029702169377,86.36968515968613,81.90297827896859,87.1865659351948
S1201,Male,78.57787360348283,71.5026940317749,92.43478487829394,85.92587768414957
S1202,Female,80.60784526368235,64.84713350649696,76.4727696661816,87.12722432092086
S1203,Male,85.83051243175277,71.4675700363874,83.75806353718545,86.11144927900428
S1204,Female,85.53802052034902,76.51957634843666,67.65381633703069,91.39432906656697
S1205,Female,61.22330632042909,70.58632084390845,70.34850898545594,80.23841809630602
S1206,Female,65.62174960084877,70.48710029444659,81.77925022304302,81.61502430770734
S1207,Male,80.1503526720866,61.57609974631893,89.87292822828772,81.13670277364588
S1208,Female,80.1378595091221,62.04518898938862,80.84490679028528,89.15095905931305
S1209,Female,80.15047686306048,53.16873673840368,75.49553575581477,89.50199294197532
S1210,Male,113.52731490654722,90.99492091824328,77.99433124338684,87.25612659659254
S1211,Female,80.70890510693167,55.07364117530458,67.99673812824226,90.91746833444964
S1212,Male,86.35565640180599,61.68513762644911,82.83612261084293,79.10979566311809
S1213,Female,84.54001763493203,61.37911281316963,85.05866449858728,93.33612055775569
S1214,Male,81.51391251305797,80.7390925233333,74.38327733733536,92.61619310856129
S1215,Female,71.84730755359655,66.46060386049567,74.23966281792399,88.67810998622873
S1216,Female,82.58969220493267,84.97290487208481,80.1270258372164,93.9089945438553
S1217,Female,67.27174785462428,61.91811250907358,74.50624211167523,76.71688396161113
S1218,Female,72.63181393259991,73.34792994668562,77.47093908299343,82.37775931868674
S1219,Female,70.14636452170896,59.97583536088291,94.79777431333213,81.32348269659023
S1220,Male,75.81874139386322,95.74178953328067,76.02379439403202,88.60739661878672
S1221,Male,98.14658566673509,55.748818971645846,75.13327878383022,79.74929630198928
S1222,Female,56.32734807408252,73.71784852272432,72.81966555491873,88.78747574668743
S1223,Female,81.86260190374513,77.60532257118518,83.9535357719995,91.85268071998357
S1224,Female,58.87284128810349,74.96558916941798,76.55020661425517,88.47601450041999
S1225,Male,70.28068134210567,67.7765480934675,72.80501569342859,86.4187551183075
S1226,Male,85.88950596967366,68.44215160319888,88.5704322581841,80.06063329549626
S1227,Female,75.64280019095463,70.52573766374931,89.3568240361091,80.76574516937318
S1228,Male,64.22255222070694,68.23597598045814,73.19661147409036,91.24809452648333
S1229,Female,67.84696290740033,81.56654940153892,63.06768038911507,88.89674501952666
S1230,Female,81.79597748934675,96.52627601909622,86.06010951869538,84.80490240311228
S1231,Female,67.69633368282864,63.310098579906,72.52296139391997,82.91045227117054
S1232,Male,77.16458589581976,53.562364245051064,84.32500479330216,74.87096063444312
S1233,Female,75.45571839903813,68.94061541978495,62.23916945830531,79.6457379065778
S1234,Female,68.48399652394183,100.95651205185183,85.14077870639447,94.55709543569861
S1235,Female,96.43944089325325,60.35590518436323,68.31062456575376,78.59772214498767
S1236,Male,81.33919022318011,89.6694016653288,83.8461129525322,85.94739910610541
S1237,Male,54.74857413342393,90.13240976891728,78.11418454269148,90.037219865976
S1238,Male,76.86454314769428,63.35694109950406,70.36848464482684,78.72538665998854
S1239,Female,68.38213535231613,76.8277969502233,74.74370949658575,85.92355237390542
S1240,Male,83.52433334796224,89.54075947754245,83.4905476556536,89.68957768755328
S1241,Female,67.07479261567299,65.45046710815015,78.84715562492187,85.06249660953625
S1242,Male,73.85263558533102,67.55703567877165,82.67530384377987,99.34201527833385
S1243,Female,80.04987278980457,63.01982903261627,93.81152467612388,76.65700370560903
S1244,Male,83.65755194170121,57.822919231685596,65.4860671063116,90.2936426494194
S1245,Female,62.997035929442234,62.20866945920791,90.937700599749,84.13599131301768
S1246,Male,71.65498764159051,55.31271679885292,78.8348475001857,88.85960077418338
S1247,Male,70.25054688839043,70.40900161911071,70.80972761341498,87.20653575849623
S1248,Male,68.46670767426288,60.7603212272963,67.35749099408808,81.33421901445001
S1249,Female,92.65454240281096,72.80543094148898,76.48703687378374,86.1449819622967
S1250,Male,79.04981710960955,51.329252245556475,85.37320089539567,75.71049274300856
S1251,Male,62.391160456649544,73.97056278657348,76.97960703697973,88.01623750285697
S1252,Male,84.17861947054776,80.0023475393071,90.08923944197878,86.49079232995263
S1253,Male,96.22156197012633,46.075172289142536,66.39059447958753,88.19330084321551
S1254,Female,85.32465260551147,74.48867883817087,77.90328841723156,90.29059162543575
S1255,Male,59.80630034045987,84.7320279096795,67.98085244469505,86.83809920104855
S1256,Female,70.15765927133748,55.48430777570553,80.90905506099975,85.74044709899138
S1257,Female,87.66911149186623,90.07086864205243,85.0950991207784,80.59465831669354
S1258,Female,67.92330534381219,75.02822811239254,74.63390565055157,81.43889618175474
S1259,Female,79.43819428146229,61.539857730899094,57.166289146982926,90.93367310088665
S1260,Male,82.74634053429337,69.33077106810752,79.59158517437196,92.18167702852989
S1261,Female,65.73069528421917,76.69992295026067,81.49390841386807,83.80944781843974
S1262,Female,74.404746439382,70.91206469694893,81.23435803969357,85.23001373626637
S1263,Female,42.58732659930927,76.46507190935642,87.88625753457723,80.47692812503116
S1264,Female,64.7561235866571,58.9519168830476,69.43157056280761,90.86378422633723
S1265,Male,72.4743184860684,72.03232988843294,83.4417288436036,88.3270841184589
S1266,Male,62.52216818035151,53.03542603714024,87.5400600998238,94.70608718231874
S1267,Female,91.32411303931636,68.6652872638156,63.771299327947865,80.60838461410131
S1268,Female,60.69858622039367,59.153108302422524,80.55721460735182,83.10996050490891
S1269,Female,70.59955513303017,61.1736406889228,73.96656135193862,86.15722961262786
S1270,Male,76.30740577286092,84.83311810252525,77.34781861518684,88.23244768862885
S1271,Male,89.41273289066116,83.09572144713123,80.78141186830669,83.92166181226183
S1272,Male,60.6413784882056,77.30965745088612,74.10217148709158,80.6351945477315
S1273,Male,86.63163752154959,56.89224682392906,72.5943353667071,89.40703764461786
S1274,Male,75.10233061019586,66.20309860366238,78.2732193399042,88.6056768127279
S1275,Female,65.18491348952048,84.5571723997502,69.30203248909758,80.41862949718137
S1276,Male,79.6210347426327,71.70060296367886,69.31339896891852,91.77721400552748
S1277,Male,76.9905969557347,97.83195447978034,83.43498626365202,90.85099354598302
S1278,Female,68.99783122841205,74.71981407273246,68.80964771873076,85.67148248623896
S1279,Male,75.69802084990019,72.30458939788038,83.3305000072737,85.39798931188018
S1280,Male,71.14686403138239,66.29060242956999,81.7007303428316,87.77028885557954
S1281,Male,76.13517345251248,71.6024908573874,64.19354616967523,80.69148464871871
S1282,Female,81.62130674521046,68.17036196343348,72.57948278131477,85.15015739582041
S1283,Male,90.86016816145352,78.49730412026308,87.55287522437898,74.2380822769541
S1284,Female,62.62184501173151,81.480427801535,70.15067575088254,89.38227822751467
S1285,Female,96.33033374656267,60.568126473904606,74.28476590152489,77.1925338877907
S1286,Male,55.47912200477498,54.025204557306665,81.69648714601517,92.517099142145
S1287,Male,73.48214904964416,47.96553552276044,84.26712407426076,83.34939953016774
S1288,Male,80.88317206484577,76.09589592295052,75.98768891164403,83.94166509034412
S1289,Male,77.80991867735032,56.759600725913515,73.21991844246686,81.86133046957747
S1290,Female,68.77300480179406,44.165312884570206,89.37895889358806,83.55980563038962
S1291,Male,72.91877749642725,74.66294325437157,91.91119731038063,92.09265672574018
S1292,Female,70.06999065341168,99.91599420919349,85.83086440625436,72.5609567173246
S1293,Female,69.10635243055789,69.92714906152128,78.68254514052019,91.38482693044094
S1294,Female,83.49602097021025,80.06188929341971,71.53387422687258,86.69011740550854
S1295,Female,78.57015485965047,70.98195230257078,71.35644474754747,78.96489176071393
S1296,Female,68.07090404739346,68.81332416170629,82.18011284212606,79.6234380347538
S1297,Male,83.9959987543325,81.02891779585322,81.34718576710947,93.38196513604102
S1298,Female,78.07299520876609,66.51670546973618,89.21278874357144,80.27246560028634
S1299,Female,83.1286211883896,73.20870776886284,83.20360074028912,79.2332474470202
S1300,Male,81.29628841923612,73.86037367435216,65.97535758592146,90.68657271182364
S1301,Male,66.71004989077927,61.98291455628342,86.41558094178335,86.69276438142957
S1302,Female,69.3981895980303,81.90450819443828,70.0155149814847,80.31037211731801
S1303,Female,82.47293605123262,67.90048291965509,74.92822982438119,86.0831248770231
S1304,Male,81.10370265433465,60.93105808608586,80.00160165001355,79.87123658179861
S1305,Female,74.79098406035853,76.43811812284484,93.96533991827171,90.50410699211302
S1306,Male,76.17327383308782,59.21838421850755,102.87934844804289,90.30685482436567
S1307,Male,87.77664895788425,70.33817388842954,82.85378447308946,87.66003099410972
S1308,Female,69.0842861116417,69.89057204026956,76.5344270502369,86.80830530623508
S1309,Male,80.47097381170038,83.03074678997893,82.2760451878444,93.80594062433687
S1310,Female,72.97807347566106,75.69637879455944,85.10124340699069,84.99843163694112
S1311,Female,72.82318796772779,69.69967649505827,75.43465899554246,79.09062937289599
S1312,Female,85.9877685198719,79.81319559040344,92.36169084729858,87.24736956416153
S1313,Male,83.2541634898803,86.68249058820776,79.84056607353122,95.43023524768557
S1314,Female,83.13509636000639,76.69372367622235,81.98194471273115,79.92620253407074
S1315,Male,88.05478807154329,70.12423143812056,83.32739401643569,83.19268616653007
S1316,Female,75.21003841632759,54.25796521179809,81.37269288491565,87.08223019050726
S1317,Female,81.81952971294965,57.21863604309553,84.71152400375689,84.73047575497131
S1318,Male,71.89733243406543,66.33730354774399,73.06197450762461,80.08848209811343
S1319,Female,78.24166352488442,62.685853574088604,73.53358596843175,90.60928928115236
S1320,Female,73.69856945632316,67.75634436417465,69.19876613622644,96.6002036100863
S1321,Male,75.96995964992718,70.67979909876529,81.51600984496181,85.98065729511954
S1322,Male,80.95157025436913,76.35631305228077,84.23149202809691,80.47965855132
S1323,Male,66.81779316766527,69.15401466329091,81.66218292921509,77.25519737473263
S1324,Female,95.9238727568546,75.83801972591442,91.3959394667803,86.28987990610591
S1325,Male,64.93982618500299,70.77369297772144,77.95523184936762,90.5193867165813
S1326,Male,62.85811387212268,46.294401203753544,83.3499332447401,87.37583873247691
S1327,Female,86.58110873500068,58.72797527417495,69.26639299088549,84.98798079540573
S1328,Male,82.91662693962935,68.27094933134062,74.90320238020479,82.05364174105347
S1329,Female,81.24119817052156,55.48366308590671,83.56430206052622,79.53918183640955
S1330,Female,81.2834550926428,77.19914475995445,84.79281688594516,89.17375663162441
S1331,Male,74.87753227153085,88.36900998812436,75.64826441868654,89.56885810692793
S1332,Female,66.02745628514168,84.62514222036779,77.42720598513546,77.27135106654633
S1333,Male,75.75804558193727,67.4386855488375,65.85701002655352,92.94919489090341
S1334,Male,68.22838288487888,87.88871364219942,75.14376639354712,87.87035610447
S1335,Male,84.7511973341775,71.78400948642533,85.12306530815829,91.99797322572897
S1336,Male,73.52942618497862,65.95496834658353,82.60164012885252,78.28936125757443
S1337,Female,66.74502803207488,62.639168037508725,82.00532577104968,78.1708792229228
S1338,Female,71.78614158347007,66.37036376214246,78.39818949744767,84.25515345116352
S1339,Male,79.12931454275625,65.34187817750525,78.05650526902541,87.51392213447598
S1340,Male,69.36275447196026,72.04499466850585,72.71743088421242,93.98180411463481
S1341,Female,66.77779604433569,71.92688777259838,83.59062736162028,88.53039456907565
S1342,Male,77.43687211491913,70.03655224184098,81.36778355511512,83.78659361593984
S1343,Female,77.44966571108722,75.24325803695619,81.9361507839424,79.86815396167054
S1344,Male,69.9305682462887,84.28775529743609,73.79172125865935,91.15000286359574
S1345,Female,70.28961694381677,81.39464962529588,60.773256641030045,80.17647287124643
S1346,Female,77.32049937357637,52.18122437860116,86.77722169402956,93.14234277386161
S1347,Female,60.51915658502676,39.352946381176544,74.16930035193276,83.57807675196746
S1348,Male,60.92536225623445,81.21183893487128,71.09779388765503,92.95291036308925
S1349,Male,67.81555778747564,53.59745561901495,83.54783129531195,88.3946564502964
S1350,Male,72.86552848288153,67.3028151772878,74.86389888064696,84.31502255278771
S1351,Male,78.10907565598005,55.95864368728769,86.47949107237298,82.40301814086936
S1352,Male,89.75356216949552,48.37623474903977,82.93604759661358,83.2954606132696
S1353,Female,83.5765962320202,76.49755273845746,83.46855458560383,87.1415834618762
S1354,Female,73.40061470036574,79.10986192363177,67.07235431039572,85.38578248108858
S1355,Female,74.80983792097311,63.081875191279366,87.6955518830912,82.03094295965647
S1356,Female,64.97470635362191,38.90749249426108,80.09000424987084,84.17184294841184
S1357,Female,74.8148686400761,63.44506662097021,75.04578288603038,85.39288514859575
S1358,Female,72.11341361079862,74.70164806483056,79.14710773873801,74.35632952792594
S1359,Female,78.22718560338089,52.25306117471045,63.79011813681344,87.2908405739435
S1360,Male,66.72769056447677,72.20031903734987,81.26922249184537,80.10139387641597
S1361,Female,80.19346514241172,69.81628180992405,69.76502793454343,79.23333798397127
S1362,Male,90.32738913002578,76.95149799521306,67.17863771325173,76.56327826444645
S1363,Female,73.91239851543142,71.43496442096983,65.82112651025687,76.03053751066055
S1364,Female,79.01711722098942,58.323172709421335,86.9015069999194,78.22276248443855
S1365,Male,81.90143991711112,84.3588580199739,72.96589285045769,81.45489521184754
S1366,Female,70.98779528114164,68.09764512367636,90.269821679332,94.76629568763283
S1367,Male,77.24092481810416,69.67234552588081,73.71358829558162,82.37060162052398
S1368,Female,75.12592400781794,58.80078449112165,64.34113633925642,85.88875053134015
S1369,Male,75.97676098548831,64.68061298570187,69.06780448041073,87.00240693253164
S1370,Female,67.26990216144533,59.38236743167719,87.8864929600555,85.65532593107925
S1371,Male,75.24510174258943,67.92464728091892,76.75281457650667,84.61278269637003
S1372,Male,79.9799829124545,90.54050176170813,73.61370162807519,79.02353118200378
S1373,Female,89.51143607795042,53.537186284823726,79.2801458068223,92.25463774139607
S1374,Female,84.59270826085206,50.6372632254791,82.01426188934036,94.03598321818943
S1375,Male,96.53182457511556,87.6540439299233,86.9391905272197,76.58670652938657
S1376,Female,67.3265243711195,67.48811587417761,89.58799383914341,79.8798570455681
S1377,Male,83.72320636720679,61.971127136081,75.12185083368732,83.60094828811496
S1378,Female,76.83342005738352,82.47885624875292,67.3916185113437,80.17731102544904
S1379,Male,96.89802933217672,62.73261352315763,74.69227871101378,87.52982776727933
S1380,Female,66.91701714644849,91.91211656256323,80.08224405266309,81.35863898796694
S1381,Male,66.60278157819224,78.13511045607123,70.28992859031511,95.82528033903301
S1382,Female,69.00607354555977,64.14506310225157,70.34279268083965,90.95274297171798
S1383,Male,53.76104275690193,95.88769855918605,80.75030305239909,86.06287015316107
S1384,Male,69.74244978319238,62.73142092395994,77.61078118743639,90.13493131659867
S1385,Female,67.40867338446301,78.90514446411169,78.2623759632927,90.52950212178655
S1386,Female,76.50393786476208,73.5915109648779,71.93203732239944,82.18026255970878
S1387,Male,78.4175597577716,85.62089547278558,76.15679428635386,80.91891377729017
S1388,Male,93.76170839215887,88.73813436072223,70.60613484585356,85.39071531484824
S1389,Male,84.5042383818605,70.3840497887892,85.1215872889983,89.30818062248972
S1390,Male,69.23096344337597,60.9589855558458,86.28199467779002,85.6953019932671
S1391,Female,66.01585328651642,75.5196657152694,63.23049710209525,77.11501758904501
S1392,Male,79.91919171506505,61.86741556297473,70.56391311846072,80.98587778024579
S1393,Male,61.797667929793576,94.16064697031948,66.02776595927936,84.63013568202811
S1394,Male,93.31458765854353,71.63842397299285,72.79980852474482,84.62167197837086
S1395,Female,86.79440120721287,65.61614138425469,77.33249624167712,94.86271088394903
S1396,Male,70.30824347895295,72.2161636703789,66.40283824241176,78.07006028800501
S1397,Female,57.868654709091224,53.834484525643646,70.6251214949975,87.52794620917938
S1398,Female,88.53872374165412,58.340631537872184,69.96834102334802,92.44556554164144
S1399,Female,73.85460154747382,84.4049668953331,79.65813863519155,96.35724872711398
S1400,Female,87.37816311973462,62.11726865234325,78.55475469629,82.97801288408019
S1401,Female,59.05572341205633,57.43706820781672,72.22609957330198,87.457147263601
S1402,Female,69.00624977046228,76.43983303032743,79.41456697711519,87.84880178599323
S1403,Female,75.05243699718183,84.22844985595596,73.62655932330188,85.97740865776646
S1404,Male,75.46980593764742,78.6274397279808,75.82675911739157,84.50577399380347
S1405,Male,70.49934528520757,81.9525722296698,91.3876167223883,87.17987694750023
S1406,Female,81.22849932347499,60.91845893716647,88.72368841432278,72.33876957390157
S1407,Male,64.32379570617405,52.93827199909788,67.60335010457922,88.41034745031315
S1408,Male,73.57620514978707,88.01600382346584,84.6378593430334,85.63088951830984
S1409,Female,76.20295631711899,66.12784193389437,84.49117243593274,83.88762551610867
S1410,Male,80.14438834058748,66.99000380253943,68.81389368997905,95.23431097859779
S1411,Female,82.11614878088889,85.9383297021887,84.55022115003888,81.62532990604724
S1412,Male,63.75357908162131,76.67476011280792,90.30345534730043,82.98462005467485
S1413,Female,59.65885829264378,75.47065326497929,69.0196415500447,94.95776651102366
S1414,Female,87.7767682189851,95.98002813881301,70.65997743188589,80.83969347575072
S1415,Male,78.32314011979592,62.27778123543828,86.14129173474802,82.2494235853173
S1416,Male,67.51513463443446,81.13408153697485,80.17196248660518,84.26487288284575
S1417,Female,90.51151975522524,70.68415749876502,82.41181020191618,89.20367241064774
S1418,Female,76.15674634292859,73.22310734635909,80.72471373120398,86.03901253676656
S1419,Female,86.79297184063826,88.34162111695038,81.12556736742515,78.5368732642387
S1420,Male,75.67518481410109,76.09402907547549,67.38822297351133,82.33915718436405
S1421,Male,95.60747924881987,76.4595529485956,86.37854165297159,81.96322783393894
S1422,Male,92.55340842443204,82.87008804771763,87.35671993942219,84.61389477388477
S1423,Male,72.51035851520926,65.62056724548538,76.16487404745578,87.12921829314915
S1424,Female,84.71570950954356,59.929483991931924,77.6521844014891,87.09102877943987
S1425,Female,81.45375949585147,57.4622896717476,65.75113997955422,76.11994122975798
S1426,Female,88.68631557532349,46.40372092748798,82.11403804814267,90.31970493780427
S1427,Female,65.35076539419896,94.67448555928387,82.57645953371315,86.26284422998312
S1428,Male,81.8605145999844,56.7614996113398,77.50247186400551,91.92266023796952
S1429,Female,85.58424486849587,67.34495651697074,86.99482687896402,87.22099163645336
S1430,Female,57.41260513576886,66.67824040133296,75.32738215216048,90.50661478867882
S1431,Male,63.16741487334225,73.68888037370921,82.5168474071488,87.33272655725064
S1432,Male,54.607678222398995,79.78884655047156,69.84268529046308,91.73112878101374
S1433,Female,72.30593165555442,80.32568186031695,77.8115827930061,87.6112531800889
S1434,Male,82.17542255795962,63.003070737172735,76.60516593677731,84.51042376778548
S1435,Female,90.02357052096028,67.99453943456307,79.80246337632754,96.3621736022344
S1436,Male,75.74094780419775,73.39095940585959,75.04378456933313,89.44518561139947
S1437,Male,91.28615545571292,67.01570648579744,76.94821923462666,87.86872210502207
S1438,Female,61.198985417851084,89.28814691223991,84.60837737153204,78.61847791730833
S1439,Male,57.96617560644845,75.89169941965902,74.50588610209427,78.5584619126823
S1440,Female,74.44452301103381,78.8185334325978,65.14738319409057,86.46357741070926
S1441,Male,78.84065448939307,77.95457522400895,91.99667123364337,85.7276059888412
S1442,Male,74.67305251905907,84.08168628982389,89.0516326295239,81.92938717495842
S1443,Male,54.325578999601234,72.17225870444449,67.66189843915505,85.70491349806031
S1444,Male,74.10879960487212,54.43801662452984,83.51766244196156,92.94313464021798
S1445,Male,61.95530499495147,74.7962554210317,73.97620183558925,88.47701237275149
S1446,Female,81.69672548830039,62.18371727449805,80.10789772264847,79.29495745123631
S1447,Male,78.66598246096848,63.65659981900292,80.35379303210794,84.44245586428528
S1448,Female,65.60120213672644,77.03636822506112,76.12473759746942,80.97516759573719
S1449,Male,69.86133082663306,84.85939685720362,71.72987467530882,83.06150041795719
S1450,Female,64.40786478111049,70.25525892083274,72.47567158146992,82.93192167185178
S1451,Male,74.37320902726829,73.70599615118756,70.67046467615006,82.61177208697997
S1452,Female,84.55142320501238,90.42657933562285,71.34542233415644,78.72432314013302
S1453,Female,65.14273953664457,72.88903815386281,77.46257367960516,84.36172659240906
S1454,Male,80.04046515517844,101.22019737016474,72.27392008711399,82.19696181576344
S1455,Male,69.69742381627559,76.78611574757853,83.45641652570096,70.35275654998865
S1456,Male,67.07127167737656,48.87084689013019,89.89796924268742,95.26486012250831
S1457,Female,73.92969640045442,79.04009945325438,73.35957406903965,90.44384827108335
S1458,Female,64.64757677580626,74.57390061859333,79.91523600428302,83.11849637537502
S1459,Male,69.46350694652818,85.47703304899295,81.99748088242347,85.094095248703
S1460,Male,63.021221074111516,78.0781762152395,81.7760181673542,79.14172826341219
S1461,Female,94.6472513291639,68.33852819219472,78.6076421433287,93.47861438905433
S1462,Female,75.35263551971728,55.308421164527616,83.94145934687778,94.48644347386556
S1463,Male,68.00274492007415,67.4917209125677,81.85799162144525,85.78346864123262
S1464,Female,77.13979910734221,59.7937545494884,68.09870062138162,90.11765322092673
S1465,Male,73.8767195030917,63.03371860234333,84.95324851511418,85.87643389466962
S1466,Male,72.79030400466777,77.06294085304731,85.09832669813393,78.31637280562035
S1467,Male,81.14166700043425,90.03885405221688,71.89371116657135,82.94088315518171
S1468,Female,82.57507710047305,74.73605835787578,78.30350268358082,85.65963983385979
S1469,Female,69.69498852389472,55.64940325557779,83.46663194248856,82.72726140628278
S1470,Female,69.2418175935532,75.33523201864169,76.32548944336511,83.90673361282482
S1471,Female,72.24948302848355,84.35957783974781,86.5838243821281,84.54300221245443
S1472,Male,51.980788352644154,62.68260514816741,96.91097995695489,84.59560751067269
S1473,Female,59.84808937801448,68.39179399992499,71.71211173892014,85.26129245248741
S1474,Male,88.66874267444524,70.17625833675037,66.9516431747698,79.69697466801699
S1475,Male,91.44967713501283,60.58122024301312,80.430548764839,81.41491925436031
S1476,Male,72.50963960443622,77.77936520612631,83.77250004100915,78.57707867150015
S1477,Female,80.76556963055766,68.54862221670662,76.15306900924185,89.889077748431
S1478,Male,78.11250154543536,75.03438932688434,89.62608530656827,74.47176529079837
S1479,Male,105.78880808455239,59.3500938663748,67.29115360221401,90.76795171658463
S1480,Female,86.19574911434577,64.75050039611908,83.54334898425289,91.93174698631421
S1481,Male,73.72082408519233,78.66857629393326,73.15311343392885,83.4890970650869
S1482,Female,65.44459559399574,65.52600217489879,91.75502324965838,71.98431456086351
S1483,Female,58.93553679742428,90.72356621480085,93.94012282534494,83.19344719016355
S1484,Female,77.03463635867223,65.20436577262477,71.86674729773321,84.6790791935559
S1485,Male,67.43649254715697,72.69621670902264,73.60354291273136,79.94700890035543
S1486,Female,60.77746290402326,81.19108998247708,84.87670309583842,82.42390803095878
S1487,Female,68.53427115757474,52.97961120480362,74.90295480168388,92.65097599431675
S1488,Female,64.18451996385605,48.87029425623069,77.63671025654209,88.3246358115087
S1489,Female,91.87141635072564,51.692124225158864,78.20310736433927,80.3771794281095
S1490,Male,83.81639756949451,85.15100924112619,62.64261475041875,77.01200415202284
S1491,Female,74.92027358683383,63.377702249290635,77.8892980312461,83.36491341195115
S1492,Male,89.79944138890026,100.69839142801902,72.48217780748661,83.93271610324781
S1493,Female,75.77368307647619,63.22902881611134,74.05501742080182,87.48099593681658
S1494,Male,66.38715798671737,72.21461563836445,89.54905602775051,82.32341643716171
S1495,Female,90.23124077269657,88.50531943081451,67.94794484576595,87.55749787680931
S1496,Male,80.38910043684659,94.07311465790947,84.50564149398382,94.67577020030114
S1497,Female,64.62753845673544,94.73804291963677,75.76829655734554,89.07750511222132
S1498,Male,73.09661321916391,84.50039476711771,75.76191865203333,84.75955746334614
S1499,Male,66.24381746615242,82.28875030973755,84.32297516841369,84.08424764473352
S1500,Male,61.172002690356635,77.1103233904142,80.72041035655113,83.21663432910064
S1501,Female,84.26177547531641,79.34033291399965,82.56490397775625,90.90320456226073
S1502,Male,94.0941664047013,63.3857714040576,85.74547728426289,81.86343277024349
S1503,Male,61.01432426180859,60.18161339893231,75.34953293453341,85.22611354499992
S1504,Male,80.62969236690572,69.95950651106858,73.102106123938,85.25598950940542
S1505,Male,68.49357430878173,67.95778452970086,69.31879578753761,82.49107903594233
S1506,Female,70.12874616235304,64.5612634080727,71.39671576016836,78.13767226057949
S1507,Male,69.07606075761132,78.35664936948058,101.5927554024698,86.61487251808835
S1508,Male,66.36009230320184,81.46366250284613,87.95743664589429,84.69498014072309
S1509,Male,75.48521627944827,71.06088263550217,67.19140507033583,87.50120234718285
S1510,Female,66.69049883588963,87.73036097266314,67.42033634605144,82.33199846780417
S1511,Male,77.70456825779839,56.29973063039794,81.85492849374793,91.10410649406523
S1512,Male,74.49761890550863,67.67608648864338,82.37811837902373,80.61613109394078
S1513,Male,72.6105195313359,61.39813215276634,82.39107068253891,93.56020142008947
S1514,Male,65.92436337958402,47.60156059512328,75.96035365157041,76.26181745085869
S1515,Female,69.23228669431667,69.0078317698876,76.9963659199768,87.17385032278446
S1516,Male,82.55391225825755,68.5390298994006,80.62303619327486,87.37715341263312
S1517,Male,80.00917187624381,88.16139691890558,78.68714405034665,81.02221466029559
S1518,Female,65.22444755201448,77.56974021465733,60.24559701801972,87.12196968930506
S1519,Female,75.99332305429226,57.70975810804954,76.16160295539845,91.3975933488008
S1520,Female,82.5138712337179,92.24911079601026,71.18874852591749,73.91590580322968
S1521,Male,58.305947188786284,84.65240434630424,79.4016913512681,87.51372403745407
S1522,Female,80.43360192379934,76.98517244162339,101.88207202082728,72.53364589834962
S1523,Male,68.37376241054153,67.28219081380202,80.93985332379444,80.17167598238396
S1524,Female,80.70598668593159,58.486729159318244,75.49176251062082,93.14583182450473
S1525,Male,67.36740843457483,65.53351868714736,85.37441201581802,82.09108983303973
S1526,Female,56.95117899335481,83.06498343645023,81.8615030976737,79.13060017795513
S1527,Male,58.72457562116837,92.61503567121531,81.36075592361473,84.0103113550766
S1528,Female,75.48084946661382,88.51892233926627,82.85480474572537,95.33953169081776
S1529,Male,77.59722501721483,64.1338069385647,94.45234851863633,75.84158876396987
S1530,Male,65.95683374895592,56.56459080053187,68.95289251739267,79.74345044180328
S1531,Male,81.38592458777374,71.69063496293445,81.78905661449164,92.48715841589814
S1532,Male,58.3847993773104,48.77872761324578,70.5889509601477,94.28851171768866
S1533,Male,74.33920201352683,73.87801257021738,82.44410117073798,84.48284387854858
S1534,Male,62.889838002375434,68.22876896441598,70.65050790811125,78.80473648736678
S1535,Male,68.4816389219784,64.4075619775811,74.66106549115932,95.4792175090458
S1536,Male,75.47398671316414,50.86356319279845,75.63928068609675,92.97221195874599
S1537,Female,66.39586634716048,76.1632012788366,85.80653375475767,88.39473493881117
S1538,Male,71.15444455770175,63.607589924057066,85.34763555153931,80.9379882553129
S1539,Male,85.0629280921444,55.960997971476544,68.03426098842893,84.75485329580981
S1540,Female,69.23108130476851,35.53285344062021,78.43947288799879,84.19819959477584
S1541,Male,83.35692112065142,69.66982113939237,72.32336116200662,86.65425652307789
S1542,Female,63.702931453423815,91.26701916003694,67.93196071459732,92.25500719065668
S1543,Male,80.29804177915283,89.93511057457444,76.26386359660503,89.39708520568702
S1544,Female,89.41568620657901,64.51484492096473,75.53213769235344,79.61311961507622
S1545,Female,50.283554998727105,62.773455275658634,97.41373189076418,91.8824822500977
S1546,Male,67.03104744529523,75.62529107290028,81.46367860288557,86.56566070006578
S1547,Female,80.7707212718054,58.019374729740505,66.9790599939661,88.43532897929458
S1548,Male,72.96954613957007,73.62150279783359,73.48180796663246,92.33270429639302
S1549,Male,78.71145873371309,79.19296334061629,86.17106636343519,79.44209875243224
S1550,Male,68.9601481328418,84.7231986866117,94.7075421829594,84.82087210646769
S1551,Male,75.865897874729,68.79815108224057,65.31213350209633,82.34272724320392
S1552,Female,73.44322764607921,67.55591499787641,62.96060491888764,77.16070287317272
S1553,Male,86.67782061659807,59.46420895892127,92.96772140297426,86.7335498880246
S1554,Female,77.54420843301213,60.077435751521676,81.11691341896723,97.55778275792211
S1555,Female,78.37602662075201,67.28225329718168,71.05365814498907,75.79961127747123
S1556,Male,70.88123033877532,74.40838608179413,82.27703268897949,84.83859694475265
S1557,Male,70.12393775927507,80.963015514799,56.914018087864974,88.20271467537387
S1558,Male,70.6744181218038,60.36185259183586,78.02700405277729,85.61539100828091
S1559,Male,78.94452142378297,87.91226282751427,80.62256938274469,84.4343597374213
S1560,Female,70.79015519179737,66.74651678748917,85.39416111630264,78.50391818277087
S1561,Male,77.89774856896413,69.74359246781877,69.8888323816597,86.16393371470082
S1562,Female,95.75400798645438,61.03345985022612,78.68549729122687,81.21618011492036
S1563,Male,83.71124703431693,40.9091168767247,70.5966029915233,74.05039147510723
S1564,Male,71.73976467832159,80.60854475633259,80.04307004539454,90.97296110256866
S1565,Male,87.01213922163944,78.8421267651092,70.83722942109581,89.79192909921021
S1566,Male,70.91924626978448,66.62406931458143,74.73519328671823,85.2583048842554
S1567,Female,54.61875464822146,70.80388860669846,70.03347684167817,86.14537344102851
S1568,Female,64.91913689082595,76.19127061244919,83.20908993458926,90.37159006357781
S1569,Male,56.29208078974145,51.249449717361486,84.86760893325332,86.12169828389041
S1570,Female,71.48486515958692,63.651367871844464,76.12303544034069,89.52008777380657
S1571,Female,75.18418379189552,79.53117615546192,78.30590395968022,83.51258899563075
S1572,Male,91.76437312275283,54.948526921969005,66.41126868293165,91.55991869286973
S1573,Male,78.26927373764163,73.52269518599955,75.6025868159457,86.60392862966341
S1574,Female,72.80899471191135,53.72101834451914,77.59836306366604,85.97025971802937
S1575,Female,83.2940558118349,75.59715978920232,98.9663447282398,78.64969455643984
S1576,Female,52.88864690992115,69.5723022124302,69.1042637938067,86.43477927150855
S1577,Female,77.35614558108566,50.618418209133885,89.7134179100195,80.84022541252774
S1578,Male,82.70865193886966,83.97687225348605,85.97487018772647,81.80858636735753
S1579,Male,60.214137542201584,61.18490107842341,80.2450912359211,80.92312185841939
S1580,Female,86.43754043206928,60.27697075582743,92.06896387356107,79.66882534050387
S1581,Male,78.38496407494414,72.40683036677132,80.9768437808549,95.62385701508481
S1582,Female,70.84712086099199,83.78364819314459,81.11327356534343,91.65669530994202
S1583,Female,81.32781866106285,57.81013817225924,77.57503477585963,94.60183751072131
S1584,Male,97.70692857804396,70.74015819817566,87.78855105934902,78.88552490222219
S1585,Female,76.81866255058495,75.14579800396687,86.77175387048707,85.35626874955446
S1586,Female,77.48220586300336,78.31726728715773,72.9945817000303,78.53246187397951
S1587,Male,70.40639100459757,72.11729866332671,67.44602244320986,81.52152561401468
S1588,Male,66.50155630535208,65.59566593100013,76.37615490083475,80.40936508291712
S1589,Female,83.30335816544246,60.068917352215365,71.59969148481883,91.1979200322078
S1590,Female,66.43916174091133,71.03372659655649,77.49180340307716,83.01885160949121
S1591,Male,75.71566237219392,57.13433185617272,87.89950507747311,90.34189666847008
S1592,Female,70.22342553234883,34.94379419806471,74.34158675930568,88.02060444794259
S1593,Female,79.78979825746391,75.23871764989201,77.6574129495074,96.51819376052394
S1594,Male,78.33662105286949,80.84721809303434,78.46418187846716,77.60277888430139
S1595,Male,85.375399442579,41.64481077349794,84.78744705764228,91.29616619893399
S1596,Male,69.89983601145254,57.88323154348075,60.02488532812316,90.73220435200363
S1597,Male,72.30125064706628,77.42985113206237,73.14639764187763,80.13310580986483
S1598,Male,65.21236284217693,94.68994563654039,79.69026953823578,90.0356666823658
S1599,Male,70.55706739923889,70.2495244921049,87.60063165141489,86.68072481513114
S1600,Female,78.77300493044852,61.26396470525039,74.06478041995035,83.86261870023296
S1601,Female,82.56988616645351,67.80524270674192,62.98757835166501,80.88032256514
S1602,Male,65.77834675822375,86.49851702977821,82.95769156772909,81.40445274275407
S1603,Male,83.6960592010566,62.24842985050557,72.91710088939496,95.24906047892964
S1604,Female,88.55637858804951,60.40969592019695,68.4826667272771,85.00341409478742
S1605,Female,79.13434903223701,64.20707773381561,73.00523688229421,88.9106500076573
S1606,Female,93.76795812558066,58.56005670089545,76.52379713875321,81.04550309166224
S1607,Male,67.26210800896428,71.47204379193755,73.1620426836943,81.10073526889181
S1608,Male,62.55345296688583,89.49614150163472,60.35547154320744,90.40992404624971
S1609,Female,57.212797510957216,73.87695127739235,85.17652957509706,78.25211894224233
S1610,Male,89.96044311489183,66.97175797448455,88.19900033022978,82.92393116047364
S1611,Male,81.54365656354058,66.49826477301347,83.21217593071604,85.17013705536117
S1612,Male,74.44415329089544,51.24171029564012,68.89851463660146,85.55686300920026
S1613,Female,77.7996862631982,80.59731732576591,76.38806772841986,84.10453357491922
S1614,Female,63.74510952701623,69.06595363584637,77.94782947816434,86.97909890547962
S1615,Male,99.45751979616827,67.83424103691249,82.79035511649528,88.46427877908906
S1616,Male,76.29221181975228,108.31729081413833,83.34672390974464,88.67318772729665
S1617,Male,76.09394794604893,73.58503490038824,72.12660960977203,80.07098095666086
S1618,Male,82.25766623898691,60.978507398857786,78.65596445130848,83.57922451035601
S1619,Male,79.81009231736714,64.88370884553348,81.65824323692193,90.9738143093847
S1620,Female,77.23884024279131,83.78134851036106,89.64657857717413,89.47323593786936
S1621,Male,67.09525544554688,71.35924492645317,83.63605231859779,78.13570274259467
S1622,Male,79.71468357135996,52.7406642601916,84.31245349900415,86.75739950176101
S1623,Male,93.82024496475034,81.03074721490245,78.67061302343488,75.10887375312595
S1624,Female,88.45420046154977,61.982270973532074,89.28367316162803,85.23467451030184
S1625,Female,90.93186626639397,92.47957331461055,81.27810236767598,94.48883508372988
S1626,Male,69.88784323568815,82.96057678857578,71.11129671861144,80.26053641365507
S1627,Female,65.1039517974142,64.63213725209499,89.22695976100152,80.8283847725421
S1628,Female,73.74213079900352,85.37219634082135,83.58322618031222,88.8201489078643
S1629,Female,75.55724912288694,70.81426612632885,74.45564783097214,77.28599242395177
S1630,Female,85.94191518470949,80.23328410146664,74.16405626080605,81.83622485057481
S1631,Female,58.07535370285181,75.8167938075337,80.3726043611261,87.98220568790876
S1632,Female,90.29550319460614,59.84372014010952,81.70547836214068,81.82857076155298
S1633,Male,73.4199210142101,62.27740201219046,79.57833812504965,83.82015006394514
S1634,Female,70.7311893005258,82.35952981097394,80.49046938754307,88.72092855157517
S1635,Female,64.87895624739832,65.98269601472151,91.59965899661104,87.1077304176828
S1636,Male,58.451433281342304,65.15621844109604,86.57234521787909,86.33409198147702
S1637,Male,83.23170583961914,58.538529047807764,79.5250847301202,83.30438860364981
S1638,Male,75.73317967188405,75.08318878712153,85.53048464613987,86.85030557634478
S1639,Male,62.10039100258946,94.75029903091774,69.73980877177968,84.38133659950121
S1640,Female,62.04921227936384,57.189605028948726,81.18341639957447,87.28902804962893
S1641,Female,71.64215300709871,70.2906334800731,92.47445079786488,82.5153398744101
S1642,Female,91.69021525289392,86.94664666498515,76.25563283686101,84.0871551281023
S1643,Female,72.40408648636395,69.04430330505141,71.21892857104731,80.05021103723993
S1644,Male,59.96857046881894,75.4284615549968,72.78328889125551,84.82496194996882
S1645,Female,72.54256935914056,57.25127766223744,69.2829357012609,80.94499568185577
S1646,Female,72.2727643025233,75.13968516649179,71.72190473497837,79.42976774919003
S1647,Male,48.03113357058429,67.75426881994541,75.03593521127976,86.29330573927695
S1648,Female,74.45705133482188,81.82875994815835,66.75546384657086,86.0636988792883
S1649,Female,72.69065469791322,84.24863261877701,78.12494667159683,88.91436867474286
S1650,Female,81.96206364813418,101.07476370422336,85.21821739029318,82.8443721521245
S1651,Female,93.48956094945345,76.9555980785629,70.73795055882464,87.04026423418378
S1652,Male,86.26565029547757,73.90955579898599,90.15427138913415,87.75398786136832
S1653,Male,72.3111130944517,72.33261161892803,82.08633670822076,87.22386903915798
S1654,Male,63.934740912583294,65.76200448627174,86.24464468499247,80.8717315859893
S1655,Male,100.7335980324986,74.06180612154029,72.7373235691829,85.74681741135595
S1656,Male,75.59218434014488,66.45518307833164,84.83620181653292,86.8207014802733
S1657,Female,75.13929291912946,72.02153171523537,69.2645287968375,85.03589233453971
S1658,Female,74.75874912889996,85.81117042729551,85.12198000669207,74.56761170814458
S1659,Male,76.98084760767856,57.921489216644304,79.37471471834824,85.8024481198674
S1660,Male,73.55639588076058,83.67854273354854,82.42600975987827,96.06265519698621
S1661,Male,69.26337993119763,85.80538080807838,68.59524315500119,83.19980365621508
S1662,Female,69.53141058759608,68.58317767610706,70.83944126178716,81.35961451072339
S1663,Male,74.67246729784002,44.537741211896865,82.77782574602708,86.86674279855698
S1664,Female,69.56575228866235,62.70613615486681,70.4132159662064,86.56189105233285
S1665,Female,67.87154217322836,85.56393455873331,81.70565033679298,90.96367582708207
S1666,Female,76.06430227691897,69.72558325241341,67.06289754831803,78.71065922045557
S1667,Female,72.45022782579144,58.008373212461066,84.78539370133335,88.65690126287497
S1668,Male,90.0399298858269,63.94270094526139,68.13981348185193,87.95211030625731
S1669,Female,48.49030191606988,80.08744031805463,82.41839950143618,84.28926731529727
S1670,Female,85.91506851922462,76.56080281841655,83.005047469168,86.69343658960845
S1671,Male,87.4608519249763,67.13281480996366,72.4258254525634,90.14728740799178
S1672,Female,54.2660976759185,65.59810705822375,82.65621253667781,89.36157690014225
S1673,Female,71.57312405919652,65.29890221147414,80.08353810666844,79.28490343963136
S1674,Female,71.28559134004209,58.931077786017966,73.6892651504581,89.10079093377742
S1675,Male,60.924883052821784,89.3845082736333,69.93156252739034,84.67655697483741
S1676,Female,67.22183312409125,66.13215436946392,62.29899446661937,85.36437049007758
S1677,Female,63.894241545341714,84.60590224990595,80.79720037839755,85.36598495500847
S1678,Male,92.52270443423623,88.25579262306942,65.48157782910356,84.2487850560087
S1679,Male,84.35678393147461,81.97973077777553,78.76275359553047,90.95853748553533
S1680,Female,87.71555094994159,64.82055624738342,75.892414271342,84.58141020075394
S1681,Female,82.21672064043236,74.84476108403932,83.43314220350557,79.40226935808415
S1682,Male,63.70948228782771,69.709652723309,75.58363600408109,83.03235072015136
S1683,Female,69.75479733720226,59.15557767123846,75.36441770922328,85.89347358405237
S1684,Male,79.89374561227918,73.89231138065924,83.85496563430637,91.14607392148525
S1685,Female,62.778721911080545,55.85152250608237,80.68046423267295,88.01547342474417
S1686,Male,82.12998430172388,84.25215266153876,80.52924765746222,80.74732360626479
S1687,Female,72.59674601841866,64.42459243241929,81.75414071846821,97.42594958339446
S1688,Male,71.25179192450402,72.41391587047407,65.71542301434316,86.32387655488989
S1689,Male,82.10959968203491,73.3994544585537,84.05430943989586,91.37695368999508
S1690,Male,79.4426331148604,66.89314031555108,82.89975035210882,84.24142783211386
S1691,Male,71.3903383418092,77.0403256177033,69.86653497138802,87.66679622352724
S1692,Male,86.59329803364248,64.30115612052971,76.0473562106064,89.19734252259202
S1693,Female,64.18936672400102,80.45556756948693,77.68554169897895,91.09097355877128
S1694,Female,81.15935606944264,53.84824383703902,76.92402572478613,90.28684152689112
S1695,Male,80.93101257968384,71.51655495455694,80.67087973254827,89.36098500036489
S1696,Female,71.9045356068601,93.26714798869942,89.45093425464947,83.42456634402946
S1697,Female,78.26133022242118,57.9960241047331,86.65413382138263,82.1412697902197
S1698,Female,62.488864236146966,61.86706035370178,67.50224645254875,86.66303755162099
S1699,Female,84.240270192069,76.16689419590698,82.97655992244839,89.66564036170534
S1700,Female,73.15097863557011,72.15498138327517,88.63146655628327,83.88639649611696
S1701,Female,69.7727697948096,74.20756119128271,81.09446816551362,90.32585982857194
S1702,Male,85.49009225836889,75.87024556177197,86.72784340148773,92.2630837274309
S1703,Female,67.9565630945724,77.61665762274124,94.09816356560611,80.4183954046329
S1704,Female,60.91538703636441,83.31639810347468,86.18967636885586,80.8153964810186
S1705,Female,59.433708264760966,74.91782388314215,79.99446876513383,84.29812470547331
S1706,Male,81.0600995134564,67.1049081445775,86.36070779267803,86.53806334094598
S1707,Female,62.19570647503717,78.07088441443278,79.15910266477513,82.37716493116474
S1708,Female,92.54794181984364,92.79858321874258,78.19122434627964,91.76101339433572
S1709,Female,54.18070592116278,68.40839504340912,75.18868611429014,87.12033430759226
S1710,Male,91.96456368290038,58.3056483439523,90.50730687065686,85.1972352412037
S1711,Female,77.11017467202619,83.28496803144367,71.45257067246399,77.82045238065736
S1712,Male,74.03286888129608,68.55542603255682,90.25894179742492,78.42092091786246
S1713,Female,69.5508091319105,43.92796544783157,81.99891298992297,86.40504625140903
S1714,Male,78.9913611435207,80.16906012580506,66.80555060158447,74.33702186922582
S1715,Male,74.62365297575151,63.576061768552925,80.94119434393137,90.06318704822036
S1716,Male,86.03301882016521,68.91360061235007,61.19978793878701,84.2092307781384
S1717,Female,76.1422764866204,73.98376396682818,83.00406413464829,101.21546484797366
S1718,Male,76.50301761461877,72.28599615734879,85.08185186391192,96.53958125308056
S1719,Male,71.36387787786144,78.51342180566847,73.26115235478358,84.09275465376241
S1720,Male,74.43054376278933,64.77416355316188,78.98838156764465,84.46831498734342
S1721,Male,78.0780176889206,76.15726957811299,93.63325947000229,89.97790757001015
S1722,Female,57.89831607343375,66.88543986899299,73.95402636590451,93.5158630495902
S1723,Female,61.518145778942866,78.86572577065003,69.5287393035472,76.80985471281991
S1724,Female,82.43264094022715,77.38440980815665,89.8533072197008,76.06812267322657
S1725,Female,76.70865438127942,58.77473557546486,93.70069752424635,81.8898259722281
S1726,Male,73.1601666364732,83.03178539410038,78.02956537478278,87.91368791586932
S1727,Female,75.18433933065393,63.56843865863142,86.09170428326685,87.48436795253798
S1728,Male,78.47581705361671,79.69669357937374,88.73180732424704,90.34885727491925
S1729,Female,69.60240319690638,74.40744776081608,72.06012613969293,79.00151235817346
S1730,Female,67.21695274597687,92.05820412154148,74.11755331705706,73.41928068515561
S1731,Female,76.95845255097682,67.31840821153777,87.84699610523788,89.29007097651072
S1732,Male,65.21627222384969,65.80819844658163,91.48011422966808,80.85901863517383
S1733,Female,79.08252755714472,69.76696472934721,82.50304688139484,74.90756067805681
S1734,Female,57.9741639576216,66.3618426059887,70.96148517198357,85.72531872979691
S1735,Female,85.29155637325644,79.5993028233046,93.89648889359553,88.96587844109338
S1736,Male,79.72597482413043,50.604272698760944,73.75223281750428,84.38971433939362
S1737,Female,77.56029734313876,57.35581097024375,75.31889775062838,82.71075806908755
S1738,Female,84.82690983945514,57.18636494104968,80.73870267591697,84.20318883927047
S1739,Male,91.65474444462576,81.40369110368292,90.4332833657182,83.14708618799608
S1740,Male,85.1437006501813,90.5273604709831,84.8318078124178,78.25976444029916
S1741,Female,56.59125768668355,68.74660937755034,81.31892400289529,81.42659661504784
S1742,Female,62.204230332642986,67.97413932171987,81.70630824094485,87.60639952506907
S1743,Female,68.75181422304321,70.84062595735817,78.34811734914773,86.6083927068825
S1744,Male,75.26091050210833,83.94253963129829,82.46511611614805,85.8402990298341
S1745,Male,80.17659020469122,58.87176238971311,57.76351937844558,80.0242575907331
S1746,Male,67.74256186846534,72.86042779281742,75.62714032744161,84.09248418932167
S1747,Female,76.86766764477078,81.70237155738916,79.93057547933425,74.11467476778573
S1748,Male,67.44617067646678,76.01313003927814,68.79188733104394,85.89238331942695
S1749,Female,68.88482197008052,72.27497939918491,81.09058654249247,92.14428853906784
S1750,Male,60.93338903151778,82.0125531108057,76.36423023211103,77.62933933978947
S1751,Male,65.76766753889096,37.561212484009154,92.04380558652392,82.07036163341122
S1752,Male,61.48315394383666,78.13450383437089,90.58415780171885,86.64553389355065
S1753,Female,65.24126747022667,62.151091802470916,74.27355544705469,91.26421317213742
S1754,Female,85.5364179660784,48.032405237722514,76.79329830746644,82.75887691849925
S1755,Female,65.50601111168056,76.13443119429976,77.40841947513286,81.53874835367051
S1756,Female,101.32382064837391,86.4839025419555,74.38672419072302,75.15538428791959
S1757,Male,79.93317900880889,68.3506178244677,79.56019987222501,85.51719064654053
S1758,Female,76.84836123694873,81.43449456643526,71.93374344889928,95.21038020071872
S1759,Male,66.41642219818786,89.34733909586375,68.95507732049978,86.38679230982338
S1760,Female,82.00309879408991,85.77897344300857,82.98168979120214,84.88860510408144
S1761,Female,69.24362173762226,89.67957435245671,83.03623667377448,86.61041155383492
S1762,Male,76.22009814645361,78.9055298928627,71.56547392272006,84.94453998025699
S1763,Male,100.60084538268795,70.90520366681912,85.1628434461008,80.93492813869935
S1764,Female,74.03940100275351,50.77641025723398,72.94737816667735,89.11639957838852
S1765,Female,86.49273326285676,67.04725014244062,80.02532190430385,86.12880761555877
S1766,Male,67.96823574874112,59.8810408562057,84.56275210089964,85.08806625966828
S1767,Male,74.65011509503039,96.05131260997376,77.7310994823703,80.12316986360875
S1768,Male,92.7080063563551,67.88937025081196,81.63792729712908,91.5175396596738
S1769,Male,68.73032942212232,71.47845768141383,73.86856284889943,88.32351372666555
S1770,Male,93.12448557996929,76.61782451248561,76.42826733257522,82.23539581316349
S1771,Female,82.07751935455475,70.52322935646944,76.35312455295728,90.00912426840969
S1772,Female,69.37533224105732,90.34061248516903,72.02737322767808,82.51214580807397
S1773,Female,81.3240773905552,62.52820765918658,76.58580669507374,81.08998253744481
S1774,Female,84.7255444962673,72.33528946284692,65.61105360909002,81.20148441259856
S1775,Male,81.21809962217196,61.09035297162342,74.07077002286316,76.14465723455955
S1776,Male,59.297752801095434,54.15972986535153,75.72099605304264,87.35771190209103
S1777,Male,67.72862824175131,62.65877090913658,75.95056198003697,75.84427560830825
S1778,Female,72.52481364448495,69.55555843541906,76.06802043303377,78.8577808436712
S1779,Male,74.25566570899954,64.84837330579288,77.50588640111897,74.62205995460734
S1780,Male,81.20672097550678,61.69094824151373,81.83553214468851,84.56965153604554
S1781,Female,76.77701000933254,53.12419043593799,84.99613659306019,84.24839769864064
S1782,Female,61.64655641289899,69.00273312845566,72.80187818521387,83.36651893406818
S1783,Female,78.80197851005963,51.94335551162797,68.37439315688684,79.78711152664712
S1784,Male,81.10585745283824,79.12067156427523,69.66364470205518,79.1388312328168
S1785,Male,80.5979044793104,70.98927703521404,74.10237663044059,87.32184931773287
S1786,Female,85.80780725554622,52.509382006420836,75.18462945746792,82.24724034145756
S1787,Female,83.33922154548904,66.28949107540164,71.84003147042034,86.58179160768073
S1788,Male,79.59180079228437,60.974123132913,67.63106668600085,80.57375656937889
S1789,Female,74.29834288541353,73.83009412503017,74.35103338020649,85.9053137138554
S1790,Male,58.39039066484008,86.08540535227773,79.45141296091177,91.51639018658032
S1791,Female,79.29618219132585,47.49793036425106,82.76023572668451,87.93082900196391
S1792,Female,77.07687687163111,71.380312949769,73.54061557513343,82.9379309089176
S1793,Female,77.71578837195374,68.07840645320032,74.69601742285252,86.28599485177963
S1794,Male,62.232514241796906,78.05608091740558,70.58641352922152,83.79667412734894
S1795,Male,64.18943459591738,72.55835953885227,77.74848663700179,85.03940092347364
S1796,Female,85.53152853332904,60.97636801913417,71.21257092647349,83.37194473925749
S1797,Male,74.60444846143345,66.17135277200059,82.5850225059296,84.17832397057305
S1798,Female,81.81500697372624,60.447689718358134,63.71306806452711,86.06046676537088
S1799,Female,75.28318376130461,82.91208566318318,75.1229626203803,80.03320650209025
S1800,Male,75.29756139495746,70.25573978406331,80.40885871353393,79.9206058650501
S1801,Male,84.38283805975998,92.8142882290361,79.47067613058003,78.05728723084394
S1802,Male,69.83955271782627,69.27207023422456,99.54426931184398,76.99864447748145
S1803,Male,75.96120776940984,61.499118797074445,80.79840019654326,78.9135865388976
S1804,Female,70.37724711294958,51.83542728864607,69.96756322526392,85.79731253402065
S1805,Male,70.65503772567685,48.36232388492866,77.23628602328742,80.53606242254058
S1806,Male,71.90827876531361,50.99036868393412,63.79002933226839,87.56807232115548
S1807,Female,77.22133771633713,73.2055198121378,77.35520200562591,85.17356874376281
S1808,Female,70.21251378336522,76.10470027875921,71.33555154399393,75.15747893280974
S1809,Female,87.55756125573521,51.025711575614395,85.3231222044813,88.27487792110846
S1810,Female,66.05392697780496,80.74045976891338,73.60367780323573,89.05399322795854
S1811,Male,73.13128355838641,64.20326737979873,77.06587267363803,80.03068662582574
S1812,Male,70.60268941725825,71.7615161438266,72.91553726876478,87.10095771447496
S1813,Female,89.46977884353733,89.34664753906509,91.91081081482665,80.71750881295401
S1814,Female,76.96554776511574,80.76207179038639,75.4300578710567,85.48835188374167
S1815,Male,85.31844539468635,66.77763222513,92.66045634783362,78.67750796522517
S1816,Male,60.14439626963028,59.30569329501655,84.51321409694613,76.03446773732712
S1817,Male,77.67050265869258,44.17821518404834,81.85653381868309,83.08591405193516
S1818,Male,83.89630795623437,61.37016016909096,80.94986517854016,84.38135526862582
S1819,Male,75.82283989275425,67.46643713406766,81.15037838573001,83.01160153192698
S1820,Female,85.65480375065351,58.15384567418579,62.57861936523512,79.0798472088872
S1821,Female,69.82711549899628,68.42491639489235,75.76893284679394,83.00050468934431
S1822,Female,89.0934744018558,70.92222259550522,84.76126376947457,86.34647376290367
S1823,Female,97.9889812361925,67.30172821830305,77.60882253220716,84.77553484938731
S1824,Male,71.37161439560342,62.19996903011848,66.7584812255714,85.91250515299606
S1825,Female,70.54497478599228,72.02385606360073,77.58076439538024,81.64942399772883
S1826,Male,89.533844771177,75.30328779483291,91.63284413004394,90.8585895735808
S1827,Male,90.79572145730712,56.91521107068585,87.97513372427775,79.1191333172261
S1828,Male,69.77139972846732,86.93118855695525,77.50396792507175,87.4378014854336
S1829,Male,70.79813182904142,68.81694241258886,85.6115942164647,90.9094554647998
S1830,Male,72.18215391139493,70.22619547533817,75.06794383705558,87.40454046374448
S1831,Male,61.555494889657226,78.49857307907868,64.36902730538625,83.98737886467585
S1832,Male,65.81348053515802,72.79859357516202,70.60427209496356,82.3585147666851
S1833,Female,64.95859233247933,81.43763960695894,90.50311014806559,90.18043825523128
S1834,Male,67.32202434895872,73.44548998242189,75.80805534536556,77.88512537369164
S1835,Female,74.65315112613219,62.65075150431475,76.05292816499986,80.14937869810178
S1836,Female,77.3421473253652,74.33804230247321,75.60129442980096,83.0122111725414
S1837,Male,90.50500492814076,56.27528551215206,93.23309271658405,91.18826878755999
S1838,Male,65.0164595926121,71.30271646931828,91.0076713228965,86.89883818020448
S1839,Female,84.84322398476584,69.60124011226647,95.75024186758507,80.15977120744877
S1840,Female,72.86011155774491,67.50259771272952,76.72763831679958,83.44846147307548
S1841,Female,74.50536290347567,68.45754986273283,80.36499590997676,81.92838427951853
S1842,Female,81.74819492166604,47.41781145402833,65.86685960463367,81.45105503883232
S1843,Male,63.772779784377015,63.41530110710846,89.8154754089462,89.8944477927839
S1844,Male,78.82409746184051,71.11413881369337,68.65776358985651,78.14128435368247
S1845,Male,76.66452208213056,71.9182767039688,79.73420451010104,93.04390427867187
S1846,Female,79.92451264008149,57.6678983088885,69.22157977893724,89.14114845092311
S1847,Male,77.89168643907819,85.18849409037641,73.28906538609043,90.45430835301849
S1848,Female,99.55300139910895,59.60590182142599,71.3019005516024,82.68530243987371
S1849,Male,68.62260015748684,81.63348640632084,73.13699791459345,84.25029640460446
S1850,Female,69.69003044998182,75.12633234246022,73.68701837480818,77.83424092737644
S1851,Male,68.76859473575236,62.245272281874364,73.61384964059938,82.37668796466599
S1852,Male,69.44522880839746,91.30373071131415,84.66667129424246,87.46827423821576
S1853,Female,68.62612872693482,55.676358018922244,69.16109765549984,91.48031530890698
S1854,Female,86.89016531107552,81.02985008332001,79.76433141611093,79.46421591598774
S1855,Female,89.20504247989855,82.00698781651573,87.74367321844447,83.17247031507367
S1856,Female,69.29253706250523,61.95255749108026,73.89442908389283,84.24350389883739
S1857,Female,66.67644426895771,86.70958360077195,72.25664887401919,78.02105398903757
S1858,Male,79.71415556386404,66.99944182481256,76.15580299855799,87.956746208792
S1859,Female,69.47776955719029,73.46432355135829,87.43780166688568,81.38004834128695
S1860,Male,81.32931817755511,73.12386206525466,79.55286104762686,84.02304824411488
S1861,Male,77.029230208513,68.38829510235342,73.75028564313921,82.74025314044061
S1862,Male,59.84255885002768,79.72969927791739,81.87101320950431,81.05330747140162
S1863,Male,90.47505201330061,79.52186464662655,69.18166280130862,84.96477507259722
S1864,Male,92.95877673095522,49.01761632114183,83.45087608354359,83.92195210715988
S1865,Female,68.87211309515614,85.65208291453783,81.26885846161414,83.14071058860667
S1866,Female,71.12298440064016,50.050096143571906,75.53753223088893,81.35769189159828
S1867,Male,77.85865390724905,82.39055445209989,71.29131361242216,86.59762335391477
S1868,Male,78.34456789987026,83.520461641931,70.90655262173235,93.26808634246143
S1869,Female,81.5854427267283,56.908402837417626,82.27853869076728,85.69943616419563
S1870,Female,95.1020453876635,65.07022854454499,87.8318440199125,89.98059107455565
S1871,Male,73.2305277250595,56.73154397816877,72.90153802376965,78.04889037423268
S1872,Female,67.01702755461547,67.42094763653517,81.66709362841188,85.78880719646885
S1873,Female,61.20680771985473,66.30358858977111,61.303783851183454,79.51315840514467
S1874,Female,67.69069960058081,79.35592638723207,73.3230581547424,77.61537536234049
S1875,Male,74.66873027126204,85.7237049534353,77.75152853703278,81.30314296270481
S1876,Female,92.94557863517788,86.74820572947948,70.72253266414533,90.95949667206787
S1877,Male,69.82388700963828,63.253983681060376,70.50794900168323,89.75007914334823
S1878,Male,77.23787951638899,67.48933751506567,72.65776354824891,86.215023610272
S1879,Male,74.83577103927247,49.798741693348596,80.33754182661099,77.33649720055034
S1880,Male,86.88393273448084,60.329559202045736,76.501367852749,84.01859674306031
S1881,Male,100.26932425873622,81.5782195971695,60.09415013340022,86.50850004450868
S1882,Female,69.6913122707968,89.38699388257878,61.03439877891947,85.87768114789299
S1883,Male,70.10560557481777,55.18781353744093,73.1450785771426,75.78103208259627
S1884,Male,85.44160877069072,62.89042889016527,81.66149268842841,80.54841075990063
S1885,Male,81.81891489626311,69.68313091649287,56.01996125819812,84.67961117925641
S1886,Female,93.46707325736034,73.36193390583529,74.00215859078696,87.68145454758594
S1887,Female,80.83928185325964,60.284757760940245,73.79001714786062,74.01936089450027
S1888,Female,71.40707909212941,75.08873253356907,89.10670222566759,84.18938012260071
S1889,Female,80.9065483069231,64.313927835149,74.91982550629709,85.71524384939477
S1890,Female,86.08703580582907,69.82657274946065,81.06391187792742,89.24805994258107
S1891,Female,83.20482181197364,76.5554109760444,79.1300571206997,88.46428792118718
S1892,Female,80.07274031107298,70.07706723773126,60.9554681615424,87.91285659404403
S1893,Male,85.66674689589154,64.76336931368118,84.1456577330539,81.00029746649032
S1894,Male,86.69295590445672,68.68468235289004,79.72317204365031,75.45998931438346
S1895,Female,88.82158991037527,68.93964448953598,82.06614911739672,83.034736214693
S1896,Male,81.48709887589642,65.55986764141447,109.40990165149061,90.0081591260428
S1897,Male,73.32881919683146,66.89444724799478,61.32709648401129,91.96727263762216
S1898,Female,76.46713686433323,89.1837660460566,91.79757319808887,88.55274551148892
S1899,Male,87.06508966508358,76.73103337529487,75.70041984479715,87.14670411400867
S1900,Male,66.83064329012764,66.45423618365008,80.29863123522408,86.89819824192983
S1901,Female,78.68673308872901,78.36345285412882,77.63590203759006,82.2194062661961
S1902,Male,71.0666118767264,65.99416612292788,74.60610933281565,84.3496985322319
S1903,Female,75.28744822934817,84.0774956510397,73.44133657408993,93.34534762913165
S1904,Female,87.78451862607298,74.43570630637713,80.63606988458407,80.28720997104062
S1905,Male,76.91099068019903,68.71237427194926,65.86261042662656,93.07389395354926
S1906,Male,75.46436548156149,75.37260310972333,84.00463334017412,83.3898592275397
S1907,Male,61.40143859020081,51.14948617517801,74.67044476091797,91.62716054547539
S1908,Female,82.46253566027221,56.47879037308233,68.95944528767714,77.96592495251231
S1909,Female,81.45484181141076,55.67289992321133,74.39989713603349,87.92952100582325
S1910,Female,96.6325472330546,71.71531713716448,88.05719373490058,81.31614932026189
S1911,Male,71.92221765046999,90.7901799938211,73.71731930387021,77.92366404037907
S1912,Male,77.1915032766394,96.7756017543116,80.86762894567696,86.09267021205473
S1913,Female,77.49383683710755,77.65661321728909,72.15234979427622,90.04735894297984
S1914,Male,90.77453279763475,76.01013369933348,84.06337479938895,80.77529280703251
S1915,Male,74.04704467613048,48.387307190167135,83.48406191032163,77.50492019770799
S1916,Female,77.7902152577034,63.48791440319174,92.7888706663713,84.54077617832523
S1917,Female,81.0789650971654,60.54659497710114,76.59548843600628,84.5628233561141
S1918,Male,76.86609123156359,62.549828820986605,83.34923843806325,87.7415981377725
S1919,Female,70.53566385449471,67.98227417698253,78.78454031631156,89.74797285682244
S1920,Male,76.94089992898307,64.33491306763447,88.36697425490411,84.70292409363753
S1921,Female,85.73631749859771,46.24840227549055,72.24934089913016,94.27751657397131
S1922,Female,64.73484700588939,78.97492307341041,83.96004250301824,86.12117372267646
S1923,Female,76.32969674146877,57.12708369112232,76.44242163106655,83.2678674699655
S1924,Male,67.99879185060827,72.8709623693338,77.48649458313201,76.94216320448587
S1925,Male,86.95046628924842,94.88899203699968,78.73401987558698,83.68670239841916
S1926,Female,59.76813095216225,58.96738490096292,80.01792317141341,83.31806527294432
S1927,Female,69.41078152728412,39.63654972704404,77.07016765502433,89.80152398140736
S1928,Female,78.7721187506452,66.56794933743868,79.7177054653642,87.31241812033427
S1929,Male,90.65524029234341,83.21151561998285,90.62494446049747,79.10315439183691
S1930,Female,74.34249738927012,93.50016945064712,85.88359748492175,85.86127193205519
S1931,Female,69.44800473306802,55.24540486657099,84.95323673997517,88.35765585864527
S1932,Female,93.8115706944059,75.96039067883827,74.35568379180903,92.64015679693917
S1933,Female,60.51986099583756,64.41627451863936,70.8860733741734,89.4375198370703
S1934,Male,53.01194043379918,68.72861974835037,85.64240446590202,88.8042332715574
S1935,Male,79.40014450053333,101.73212016420442,85.00837434023835,85.30042997307582
S1936,Female,69.97945775647389,51.964356059258165,89.78136540600785,86.94156002711725
S1937,Male,64.78767182869287,73.04487593793488,73.16815499224616,91.2475245035308
S1938,Male,82.08356447299353,75.61231806118519,76.16361075711723,78.33611301260176
S1939,Male,77.43800713771199,83.02943589927216,64.88412669979652,83.25280336391522
S1940,Female,69.35921369263272,71.17579784165075,74.86023115151302,81.1371562562188
S1941,Male,62.19695601329106,73.69660647404923,85.97256408463558,86.89576559363061
S1942,Male,83.72457328280144,65.30021719093851,74.26803696617442,91.15111087825395
S1943,Male,81.50201177958661,73.22952329494129,83.12383836160659,82.01512856639464
S1944,Female,74.00824136220618,65.88169269403107,76.47597515201751,73.04847816265281
S1945,Female,93.46636996047665,77.45886267827261,80.59245622577248,82.93889627487765
S1946,Male,64.29915233673847,65.56467596747639,68.81846888147466,89.56736866008703
S1947,Male,59.74474829075261,74.52520472682623,78.6816755970712,87.6881495147494
S1948,Female,68.08091930118755,69.64884623578025,54.070912232794214,87.14093123905288
S1949,Female,74.54413983644503,83.51260300926602,76.50483073470411,83.6000334906276
S1950,Male,77.43339449322691,69.38327531693817,64.95621405027887,78.60484631890107
S1951,Male,72.5876394214367,48.723610381517425,87.64795613237453,87.57647160812233
S1952,Female,78.52055396514297,85.1430580085679,84.21925882211609,80.82859094982688
S1953,Female,62.48460575809556,59.131212389648574,81.73336785572864,95.92048366690229
S1954,Male,89.4376460407326,62.154803936214165,90.16804981727503,87.85253604177258
S1955,Female,74.17848821607431,62.852064471478094,70.4086678334013,82.09675848723025
S1956,Male,86.17295831588127,86.49325711804981,91.97890558332446,81.94307376305686
S1957,Male,78.42725346377703,44.371909432255656,85.45753251408308,84.53527896693205
S1958,Male,79.56753219153784,107.65298240391992,76.10755770224843,83.80249038989125
S1959,Female,80.69767280232205,82.67268170879262,87.08496117746355,90.58416887764977
S1960,Male,79.47708560017315,72.67886696954992,69.14965190070693,85.93208084872023
S1961,Male,81.42722759867544,69.34127199260456,71.40388670777861,81.34184130545736
S1962,Female,88.29152530132431,73.42664889829189,73.1312822140824,94.45220342577892
S1963,Female,76.9652116970147,76.25346914055206,73.76817833548787,85.24654165760111
S1964,Male,82.09003757588512,77.74258703140069,69.54753885791797,88.84419837984449
S1965,Male,74.10264305712774,76.66725359204138,87.7846645367626,81.9588674627762
S1966,Female,89.40117215449473,71.07496817506299,75.92916479704135,86.81557813872261
S1967,Female,68.2360769794073,67.63193895631208,80.82003974685503,86.55554995571597
S1968,Female,93.00940432910815,68.18472059615786,73.43718906869056,75.55175353951924
S1969,Male,74.59842049355656,67.66110063576782,63.435173595611865,95.0763755523032
S1970,Male,60.69224897881952,83.60524116240478,80.16045886713138,91.45322230461274
S1971,Male,76.2810441491079,77.12268066737035,62.701960196641785,83.01402341927006
S1972,Female,68.1894834252512,34.71533638402864,77.45092763131625,79.48865129772072
S1973,Male,83.40643548988724,77.87080931835713,67.05347968933752,86.73780806901776
S1974,Female,68.4737602069761,72.3368343366253,93.89820799384647,85.43348849707198
S1975,Male,70.5381656678522,69.77549492264923,85.29090177739778,86.77834474281615
S1976,Female,56.10459269054469,65.33777856293337,78.84603033017184,85.95788698097044
S1977,Male,70.47693680750923,83.48935263983216,88.10965342123735,87.53120494652963
S1978,Male,50.76120673371044,81.3703175454743,71.22947218027412,92.23652849695904
S1979,Female,59.16097176514277,60.72546798611669,82.34783502936074,87.84051602564323
S1980,Female,82.60414656144297,74.88462744549442,79.59848346974971,79.75172250545029
S1981,Male,82.85800158650832,58.34011918550457,80.11216065066937,91.81281426356226
S1982,Female,79.25457561784965,53.444582022532835,88.17882800085414,93.20307281744144
S1983,Female,65.33023856870787,62.47939330492042,83.85993682223842,100.76028367256042
S1984,Male,74.5228864385802,80.3487216685931,80.30978930260018,79.38252983380201
S1985,Female,74.96397460909432,81.43750054451304,64.76090051017363,86.21441006575138
S1986,Male,63.416353108074574,76.15702504116751,70.3196296377643,74.58950648405506
S1987,Male,90.0339830176715,78.70114944217596,77.0183285312342,87.76574578189604
S1988,Female,83.77362290575671,76.1941394453795,78.74697899421321,82.25899850916613
S1989,Female,72.79035826170336,62.30222085732457,68.9583702026086,94.61722897412477
S1990,Male,75.26885838994531,75.18307053608729,97.29341340462737,81.1269251499071
S1991,Male,77.08382807947552,79.60491430273218,90.13115244202858,76.55408481016369
S1992,Male,54.58265131575709,79.0514959577629,82.81694656313987,82.6436812964874
S1993,Male,72.52822617479403,84.26696045769572,78.57629489026996,75.12256114391431
S1994,Male,68.18015752002202,78.49964616641276,76.30232824079079,88.75549727253654
S1995,Male,64.98379990105084,74.21737849049899,70.38465231982211,74.6745847687184
S1996,Female,72.18899707114045,82.84180285979713,78.6198441481509,85.1422879059158
S1997,Female,92.97686526849523,69.68174488901128,80.062020321142,74.61094090071902
S1998,Female,81.4084286126701,59.41750418526739,68.065915396147,83.39851097731679
S1999,Male,69.28821010217203,68.04319643267483,80.67341133795918,93.21689077902266
S2000,Female,80.72582781356158,61.06116826232261,76.757927609402,86.80323945717898
S2001,Male,30.0,20.0,25.0,40.0
S2002,Male,135.0,125.0,120.0,100.0
S1001,Female,79.96714153011233,86.79226523903202,72.59857380020495,75.46096221061305
S1002,Male,73.61735698828815,81.09560419495322,76.84385063427585,80.6980749461025
S1003,Female,81.47688538100692,70.71556443904208,71.66064063200031,82.93197233289177
